{
  "model_name": "hbcc",
  "config_id": "coc_cifar_baseline",
  "device": "cuda",
  "device_name": "Tesla T4",
  "torch_version": "2.10.0+cu128",
  "cuda_version": "12.8",
  "image_size": 32,
  "params_total": 2395814,
  "params_trainable": 2395814,
  "model_size_mb": 9.139305114746094,
  "macs": 34369600,
  "flops": 34369600,
  "unsupported_ops": null,
  "flop_error": null,
  "bops": 0,
  "latency_ms_b1": 12.46992941996723,
  "throughput_b1": 79.84775524331896,
  "latency_ms_b16": 12.902566669945372,
  "throughput_b16": 1240.587516161726,
  "latency_ms_b64": 12.821772960014641,
  "throughput_b64": 4950.21800117096,
  "latency_ms_b128": 14.888264119945234,
  "throughput_b128": 8676.506413304185,
  "peak_memory_mb": 71.798828125,
  "operator_profile": "results/benchmark/coc_cifar_baseline_profile.txt",
  "macs_note": "Backfilled post-hoc with fvcore on CPU (Kaggle env lacked fvcore at benchmark time); architecture-derived, independent of trained weights."
}