{
  "model_name": "hbcc",
  "config_id": "hbcc_accuracy_small_pruned_export",
  "device": "cuda",
  "device_name": "Tesla T4",
  "torch_version": "2.10.0+cu128",
  "cuda_version": "12.8",
  "image_size": 32,
  "params_total": 1538618,
  "params_trainable": 1535162,
  "model_size_mb": 5.8943634033203125,
  "macs": 35883712,
  "flops": 35883712,
  "unsupported_ops": null,
  "flop_error": null,
  "bops": 0,
  "latency_ms_b1": 13.007071430038195,
  "throughput_b1": 77.17651652956738,
  "latency_ms_b16": 13.241482520024874,
  "throughput_b16": 1212.6022872792641,
  "latency_ms_b64": 13.424425150005845,
  "throughput_b64": 4832.46032218282,
  "latency_ms_b128": 16.752616129961098,
  "throughput_b128": 7680.908222842376,
  "peak_memory_mb": 109.59228515625,
  "operator_profile": "results/benchmark/hbcc_accuracy_small_pruned_export_profile.txt",
  "macs_note": "Backfilled post-hoc with fvcore on CPU (Kaggle env lacked fvcore at benchmark time); architecture-derived, independent of trained weights."
}