{
  "model_name": "hbcc",
  "config_id": "hbcc_latency_tiny",
  "device": "cuda",
  "device_name": "Tesla T4",
  "torch_version": "2.10.0+cu128",
  "cuda_version": "12.8",
  "image_size": 32,
  "params_total": 447746,
  "params_trainable": 447746,
  "model_size_mb": 1.719390869140625,
  "macs": 6945344,
  "flops": 6945344,
  "unsupported_ops": null,
  "flop_error": null,
  "bops": 0,
  "latency_ms_b1": 7.309727370011387,
  "throughput_b1": 131.66417549439126,
  "latency_ms_b16": 8.054120960005093,
  "throughput_b16": 1977.3549822279037,
  "latency_ms_b64": 7.324346739987959,
  "throughput_b64": 8765.780442218493,
  "latency_ms_b128": 7.472662650034181,
  "throughput_b128": 17533.56103697945,
  "peak_memory_mb": 44.390625,
  "operator_profile": "results/benchmark/hbcc_latency_tiny_profile.txt",
  "macs_note": "Backfilled post-hoc with fvcore on CPU (Kaggle env lacked fvcore at benchmark time); architecture-derived, independent of trained weights."
}