{
  "model_name": "hbcc",
  "config_id": "hbcc_current_reference",
  "device": "cuda",
  "device_name": "Tesla T4",
  "torch_version": "2.10.0+cu128",
  "cuda_version": "12.8",
  "image_size": 32,
  "params_total": 870100,
  "params_trainable": 870100,
  "model_size_mb": 3.3327255249023438,
  "macs": 52354944,
  "flops": 52354944,
  "unsupported_ops": null,
  "flop_error": null,
  "bops": 0,
  "latency_ms_b1": 7.6768867800274165,
  "throughput_b1": 129.4740480743725,
  "latency_ms_b16": 8.064052449990413,
  "throughput_b16": 2029.2354333268215,
  "latency_ms_b64": 9.113153139987844,
  "throughput_b64": 7003.1640295249135,
  "latency_ms_b128": 17.78311042995483,
  "throughput_b128": 7222.403412390152,
  "peak_memory_mb": 173.9931640625,
  "operator_profile": "results/benchmark/hbcc_current_reference_profile.txt",
  "macs_note": "Backfilled post-hoc with fvcore on CPU (Kaggle env lacked fvcore at benchmark time); architecture-derived, independent of trained weights."
}