{
  "model_name": "hbcc",
  "config_id": "hbcc_accuracy_small",
  "device": "cuda",
  "device_name": "Tesla T4",
  "torch_version": "2.10.0+cu128",
  "cuda_version": "12.8",
  "image_size": 32,
  "params_total": 1538618,
  "params_trainable": 1535162,
  "model_size_mb": 5.8943634033203125,
  "macs": 35883712,
  "flops": 35883712,
  "unsupported_ops": null,
  "flop_error": null,
  "bops": 0,
  "latency_ms_b1": 13.74585878002108,
  "throughput_b1": 73.85480506627714,
  "latency_ms_b16": 14.109377989952918,
  "throughput_b16": 1173.894302829934,
  "latency_ms_b64": 13.785006399994018,
  "throughput_b64": 4655.412038331949,
  "latency_ms_b128": 17.140682179961004,
  "throughput_b128": 7506.4283043190335,
  "peak_memory_mb": 109.59228515625,
  "operator_profile": "results/benchmark/hbcc_accuracy_small_profile.txt",
  "macs_note": "Backfilled post-hoc with fvcore on CPU (Kaggle env lacked fvcore at benchmark time); architecture-derived, independent of trained weights."
}