{
  "model_name": "hbcc",
  "config_id": "hbcc_latency_small",
  "device": "cuda",
  "device_name": "Tesla T4",
  "torch_version": "2.10.0+cu128",
  "cuda_version": "12.8",
  "image_size": 32,
  "params_total": 902932,
  "params_trainable": 902932,
  "model_size_mb": 3.4599685668945312,
  "macs": 14923136,
  "flops": 14923136,
  "unsupported_ops": null,
  "flop_error": null,
  "bops": 0,
  "latency_ms_b1": 8.986030680025578,
  "throughput_b1": 110.7992788518109,
  "latency_ms_b16": 8.932331079995492,
  "throughput_b16": 1797.4440727227632,
  "latency_ms_b64": 9.260465659972397,
  "throughput_b64": 6912.642747518821,
  "latency_ms_b128": 9.213303029973758,
  "throughput_b128": 13902.589063754975,
  "peak_memory_mb": 54.13330078125,
  "operator_profile": "results/benchmark/hbcc_latency_small_profile.txt",
  "macs_note": "Backfilled post-hoc with fvcore on CPU (Kaggle env lacked fvcore at benchmark time); architecture-derived, independent of trained weights."
}