{
  "model_name": "hbcc",
  "config_id": "hbcc_tiny_lbpconv",
  "device": "cuda",
  "device_name": "Tesla T4",
  "torch_version": "2.10.0+cu128",
  "cuda_version": "12.8",
  "image_size": 32,
  "params_total": 463258,
  "params_trainable": 459226,
  "model_size_mb": 1.78155517578125,
  "macs": 9787456,
  "flops": 9787456,
  "unsupported_ops": null,
  "flop_error": null,
  "bops": 0,
  "latency_ms_b1": 7.570573029952357,
  "throughput_b1": 142.07456772300444,
  "latency_ms_b16": 7.066794409984141,
  "throughput_b16": 2248.037596305106,
  "latency_ms_b64": 7.208657730006962,
  "throughput_b64": 8959.143731596456,
  "latency_ms_b128": 7.150873560021864,
  "throughput_b128": 17770.33780630816,
  "peak_memory_mb": 116.4501953125,
  "operator_profile": "results/benchmark/hbcc_tiny_lbpconv_profile.txt",
  "macs_note": "Backfilled post-hoc with fvcore on CPU (Kaggle env lacked fvcore at benchmark time); architecture-derived, independent of trained weights."
}