{
  "model_name": "hbcc",
  "config_id": "hbcc_accuracy_medium",
  "device": "cuda",
  "device_name": "Tesla T4",
  "torch_version": "2.10.0+cu128",
  "cuda_version": "12.8",
  "image_size": 32,
  "params_total": 2840862,
  "params_trainable": 2836254,
  "model_size_mb": 10.8741455078125,
  "macs": 60651008,
  "flops": 60651008,
  "unsupported_ops": null,
  "flop_error": null,
  "bops": 0,
  "latency_ms_b1": 15.478922889960813,
  "throughput_b1": 64.14815510118568,
  "latency_ms_b16": 15.974119230013457,
  "throughput_b16": 1016.579008368738,
  "latency_ms_b64": 16.37810025997169,
  "throughput_b64": 3909.192120409594,
  "latency_ms_b128": 22.18380073994922,
  "throughput_b128": 5781.491545180288,
  "peak_memory_mb": 145.56591796875,
  "operator_profile": "results/benchmark/hbcc_accuracy_medium_profile.txt",
  "macs_note": "Backfilled post-hoc with fvcore on CPU (Kaggle env lacked fvcore at benchmark time); architecture-derived, independent of trained weights."
}