{
  "model_name": "mobilenet_v2_cifar",
  "config_id": "mobilenet_v2_cifar",
  "device": "cuda",
  "device_name": "Tesla T4",
  "torch_version": "2.10.0+cu128",
  "cuda_version": "12.8",
  "image_size": 32,
  "params_total": 2236682,
  "params_trainable": 2236682,
  "model_size_mb": 8.662788391113281,
  "macs": 25556736,
  "flops": 25556736,
  "unsupported_ops": null,
  "flop_error": null,
  "bops": 0,
  "latency_ms_b1": 5.3330457500123885,
  "throughput_b1": 187.06884652906695,
  "latency_ms_b16": 5.424723420001101,
  "throughput_b16": 3136.6687015993575,
  "latency_ms_b64": 6.9430141700286185,
  "throughput_b64": 9288.10330818941,
  "latency_ms_b128": 13.850148409983376,
  "throughput_b128": 9256.085862706122,
  "peak_memory_mb": 123.365234375,
  "operator_profile": "results/benchmark/mobilenet_v2_cifar_profile.txt",
  "macs_note": "Backfilled post-hoc with fvcore on CPU (Kaggle env lacked fvcore at benchmark time); architecture-derived, independent of trained weights."
}