{
  "model_name": "shufflenet_v2_x1_0_cifar",
  "config_id": "shufflenet_v2_x1_0_cifar",
  "device": "cuda",
  "device_name": "Tesla T4",
  "torch_version": "2.10.0+cu128",
  "cuda_version": "12.8",
  "image_size": 32,
  "params_total": 1263854,
  "params_trainable": 1263854,
  "model_size_mb": 4.883369445800781,
  "macs": 46128256,
  "flops": 46128256,
  "unsupported_ops": null,
  "flop_error": null,
  "bops": 0,
  "latency_ms_b1": 6.5253828200366115,
  "throughput_b1": 156.62171447508865,
  "latency_ms_b16": 7.146653090021573,
  "throughput_b16": 2317.846824712107,
  "latency_ms_b64": 7.079031339962967,
  "throughput_b64": 9155.679397142656,
  "latency_ms_b128": 14.418299440003466,
  "throughput_b128": 8894.84313394425,
  "peak_memory_mb": 94.83251953125,
  "operator_profile": "results/benchmark/shufflenet_v2_x1_0_cifar_profile.txt",
  "macs_note": "Backfilled post-hoc with fvcore on CPU (Kaggle env lacked fvcore at benchmark time); architecture-derived, independent of trained weights."
}