{
  "model_name": "hbcc",
  "config_id": "coc_cifar_baseline_cifar100",
  "device": "cuda",
  "device_name": "Tesla T4",
  "torch_version": "2.10.0+cu128",
  "cuda_version": "12.8",
  "image_size": 32,
  "params_total": 2424704,
  "params_trainable": 2424704,
  "model_size_mb": 9.24951171875,
  "macs": 34398400,
  "flops": 34398400,
  "unsupported_ops": null,
  "flop_error": null,
  "bops": 0,
  "latency_ms_b1": 10.75293479996617,
  "throughput_b1": 92.28298003304249,
  "latency_ms_b16": 11.03025777003495,
  "throughput_b16": 1463.4166717705905,
  "latency_ms_b64": 10.97631975004333,
  "throughput_b64": 5818.651658413968,
  "latency_ms_b128": 14.571537689989782,
  "throughput_b128": 8884.473009652671,
  "peak_memory_mb": 71.90869140625,
  "operator_profile": "results/benchmark_cifar100/coc_cifar_baseline_cifar100_profile.txt",
  "macs_note": "Backfilled post-hoc with fvcore on CPU (Kaggle env lacked fvcore at benchmark time); architecture-derived, independent of trained weights."
}