{
  "model_name": "hbcc",
  "config_id": "hbcc_tiny_lbpconv_cifar100",
  "device": "cuda",
  "device_name": "Tesla T4",
  "torch_version": "2.10.0+cu128",
  "cuda_version": "12.8",
  "image_size": 32,
  "params_total": 477748,
  "params_trainable": 473716,
  "model_size_mb": 1.8368301391601562,
  "macs": 9801856,
  "flops": 9801856,
  "unsupported_ops": null,
  "flop_error": null,
  "bops": 0,
  "latency_ms_b1": 6.318045410007471,
  "throughput_b1": 158.49764771221393,
  "latency_ms_b16": 6.403904340040754,
  "throughput_b16": 2499.948751054854,
  "latency_ms_b64": 6.436574609979289,
  "throughput_b64": 10159.455253477821,
  "latency_ms_b128": 6.579937040005461,
  "throughput_b128": 19926.274279597983,
  "peak_memory_mb": 116.5048828125,
  "operator_profile": "results/benchmark_cifar100/hbcc_tiny_lbpconv_cifar100_profile.txt",
  "macs_note": "Backfilled post-hoc with fvcore on CPU (Kaggle env lacked fvcore at benchmark time); architecture-derived, independent of trained weights."
}