{
  "model_name": "hbcc",
  "config_id": "hbcc_accuracy_small_cifar100",
  "device": "cuda",
  "device_name": "Tesla T4",
  "torch_version": "2.10.0+cu128",
  "cuda_version": "12.8",
  "image_size": 32,
  "params_total": 1558868,
  "params_trainable": 1555412,
  "model_size_mb": 5.971611022949219,
  "macs": 35903872,
  "flops": 35903872,
  "unsupported_ops": null,
  "flop_error": null,
  "bops": 0,
  "latency_ms_b1": 11.72461567002756,
  "throughput_b1": 86.34321104513819,
  "latency_ms_b16": 13.928606509944075,
  "throughput_b16": 1262.4405178987536,
  "latency_ms_b64": 13.222507329992368,
  "throughput_b64": 4892.676114456042,
  "latency_ms_b128": 17.48944295999536,
  "throughput_b128": 7343.134502190198,
  "peak_memory_mb": 109.6689453125,
  "operator_profile": "results/benchmark_cifar100/hbcc_accuracy_small_cifar100_profile.txt",
  "macs_note": "Backfilled post-hoc with fvcore on CPU (Kaggle env lacked fvcore at benchmark time); architecture-derived, independent of trained weights."
}