{
  "model_name": "hbcc",
  "config_id": "hbcc_current_reference_cifar100",
  "device": "cuda",
  "device_name": "Tesla T4",
  "torch_version": "2.10.0+cu128",
  "cuda_version": "12.8",
  "image_size": 32,
  "params_total": 887470,
  "params_trainable": 887470,
  "model_size_mb": 3.39898681640625,
  "macs": 52372224,
  "flops": 52372224,
  "unsupported_ops": null,
  "flop_error": null,
  "bops": 0,
  "latency_ms_b1": 6.82319951003592,
  "throughput_b1": 149.64744506098208,
  "latency_ms_b16": 6.900528330006637,
  "throughput_b16": 2338.410465770414,
  "latency_ms_b64": 9.106343669991475,
  "throughput_b64": 7040.4551140463645,
  "latency_ms_b128": 17.85642178998387,
  "throughput_b128": 7152.57070507171,
  "peak_memory_mb": 174.05908203125,
  "operator_profile": "results/benchmark_cifar100/hbcc_current_reference_cifar100_profile.txt",
  "macs_note": "Backfilled post-hoc with fvcore on CPU (Kaggle env lacked fvcore at benchmark time); architecture-derived, independent of trained weights."
}