{
  "model_name": "hbcc",
  "config_id": "hbcc_latency_tiny_cifar100",
  "device": "cuda",
  "device_name": "Tesla T4",
  "torch_version": "2.10.0+cu128",
  "cuda_version": "12.8",
  "image_size": 32,
  "params_total": 462236,
  "params_trainable": 462236,
  "model_size_mb": 1.7746658325195312,
  "macs": 6959744,
  "flops": 6959744,
  "unsupported_ops": null,
  "flop_error": null,
  "bops": 0,
  "latency_ms_b1": 6.325624710007105,
  "throughput_b1": 159.53323765381614,
  "latency_ms_b16": 6.42653082999459,
  "throughput_b16": 2356.0704364617095,
  "latency_ms_b64": 6.585981539974455,
  "throughput_b64": 9966.076658548056,
  "latency_ms_b128": 6.780774399958318,
  "throughput_b128": 19793.31771254941,
  "peak_memory_mb": 44.4453125,
  "operator_profile": "results/benchmark_cifar100/hbcc_latency_tiny_cifar100_profile.txt",
  "macs_note": "Backfilled post-hoc with fvcore on CPU (Kaggle env lacked fvcore at benchmark time); architecture-derived, independent of trained weights."
}