{
  "model_name": "hbcc",
  "config_id": "hbcc_latency_small_cifar100",
  "device": "cuda",
  "device_name": "Tesla T4",
  "torch_version": "2.10.0+cu128",
  "cuda_version": "12.8",
  "image_size": 32,
  "params_total": 920302,
  "params_trainable": 920302,
  "model_size_mb": 3.5262298583984375,
  "macs": 14940416,
  "flops": 14940416,
  "unsupported_ops": null,
  "flop_error": null,
  "bops": 0,
  "latency_ms_b1": 7.917342130022007,
  "throughput_b1": 130.3997593310889,
  "latency_ms_b16": 7.84001239000645,
  "throughput_b16": 2011.9096095931145,
  "latency_ms_b64": 8.068039950012462,
  "throughput_b64": 8049.0869442428875,
  "latency_ms_b128": 8.017905939996126,
  "throughput_b128": 16008.836857961589,
  "peak_memory_mb": 54.19921875,
  "operator_profile": "results/benchmark_cifar100/hbcc_latency_small_cifar100_profile.txt",
  "macs_note": "Backfilled post-hoc with fvcore on CPU (Kaggle env lacked fvcore at benchmark time); architecture-derived, independent of trained weights."
}