{
  "model_name": "hbcc",
  "config_id": "hbcc_accuracy_medium_cifar100",
  "device": "cuda",
  "device_name": "Tesla T4",
  "torch_version": "2.10.0+cu128",
  "cuda_version": "12.8",
  "image_size": 32,
  "params_total": 2863992,
  "params_trainable": 2859384,
  "model_size_mb": 10.962379455566406,
  "macs": 60674048,
  "flops": 60674048,
  "unsupported_ops": null,
  "flop_error": null,
  "bops": 0,
  "latency_ms_b1": 16.77839849005977,
  "throughput_b1": 61.57087839734671,
  "latency_ms_b16": 16.20068641997932,
  "throughput_b16": 1013.6526127180285,
  "latency_ms_b64": 16.998613120013033,
  "throughput_b64": 3910.2904847295395,
  "latency_ms_b128": 22.68523031998484,
  "throughput_b128": 5646.020957832027,
  "peak_memory_mb": 145.65380859375,
  "operator_profile": "results/benchmark_cifar100/hbcc_accuracy_medium_cifar100_profile.txt",
  "macs_note": "Backfilled post-hoc with fvcore on CPU (Kaggle env lacked fvcore at benchmark time); architecture-derived, independent of trained weights."
}