{
  "model_name": "hbcc",
  "config_id": "hbcc_tiny_hamming_late_cifar100",
  "device": "cuda",
  "device_name": "Tesla T4",
  "torch_version": "2.10.0+cu128",
  "cuda_version": "12.8",
  "image_size": 32,
  "params_total": 462236,
  "params_trainable": 462236,
  "model_size_mb": 1.7746658325195312,
  "macs": 6959744,
  "flops": 6959744,
  "unsupported_ops": null,
  "flop_error": null,
  "bops": 5120,
  "latency_ms_b1": 6.682195109970053,
  "throughput_b1": 150.38683984379998,
  "latency_ms_b16": 6.700274850009009,
  "throughput_b16": 2417.4876816218734,
  "latency_ms_b64": 6.799314310046611,
  "throughput_b64": 9487.309866142223,
  "latency_ms_b128": 6.908393600024283,
  "throughput_b128": 18790.263102374367,
  "peak_memory_mb": 44.4453125,
  "operator_profile": "results/benchmark_cifar100/hbcc_tiny_hamming_late_cifar100_profile.txt",
  "macs_note": "Backfilled post-hoc with fvcore on CPU (Kaggle env lacked fvcore at benchmark time); architecture-derived, independent of trained weights."
}