{
  "model_name": "hbcc",
  "config_id": "hbcc_accuracy_small_cifar100_pruned_export",
  "device": "cuda",
  "device_name": "Tesla T4",
  "torch_version": "2.10.0+cu128",
  "cuda_version": "12.8",
  "image_size": 32,
  "params_total": 1558868,
  "params_trainable": 1555412,
  "model_size_mb": 5.971611022949219,
  "macs": 35903872,
  "flops": 35903872,
  "unsupported_ops": null,
  "flop_error": null,
  "bops": 0,
  "latency_ms_b1": 11.785441849933704,
  "throughput_b1": 82.50828697350512,
  "latency_ms_b16": 11.982470540024224,
  "throughput_b16": 1295.7485265537446,
  "latency_ms_b64": 12.123910559967044,
  "throughput_b64": 5294.639661061411,
  "latency_ms_b128": 17.409200740003143,
  "throughput_b128": 7370.312810706799,
  "peak_memory_mb": 109.6689453125,
  "operator_profile": "results/benchmark_cifar100/hbcc_accuracy_small_cifar100_pruned_export_profile.txt",
  "macs_note": "Backfilled post-hoc with fvcore on CPU (Kaggle env lacked fvcore at benchmark time); architecture-derived, independent of trained weights."
}