{
  "model_name": "hbcc",
  "config_id": "hbcc_latency_tiny_kd_cifar100",
  "device": "cuda",
  "device_name": "Tesla T4",
  "torch_version": "2.10.0+cu128",
  "cuda_version": "12.8",
  "image_size": 32,
  "params_total": 462236,
  "params_trainable": 462236,
  "model_size_mb": 1.7746658325195312,
  "macs": 6959744,
  "flops": 6959744,
  "unsupported_ops": null,
  "flop_error": null,
  "bops": 0,
  "latency_ms_b1": 6.387379570005578,
  "throughput_b1": 157.59129993647895,
  "latency_ms_b16": 6.609974559978582,
  "throughput_b16": 2497.8154574458845,
  "latency_ms_b64": 6.839784129988402,
  "throughput_b64": 9334.578245185778,
  "latency_ms_b128": 6.621729420003248,
  "throughput_b128": 19709.737103845662,
  "peak_memory_mb": 44.4453125,
  "operator_profile": "results/benchmark_cifar100/hbcc_latency_tiny_kd_cifar100_profile.txt",
  "macs_note": "Backfilled post-hoc with fvcore on CPU (Kaggle env lacked fvcore at benchmark time); architecture-derived, independent of trained weights."
}