{
  "model_name": "mobilenet_v2_cifar",
  "config_id": "mobilenet_v2_cifar100",
  "device": "cuda",
  "device_name": "Tesla T4",
  "torch_version": "2.10.0+cu128",
  "cuda_version": "12.8",
  "image_size": 32,
  "params_total": 2351972,
  "params_trainable": 2351972,
  "model_size_mb": 9.102584838867188,
  "macs": 25671936,
  "flops": 25671936,
  "unsupported_ops": null,
  "flop_error": null,
  "bops": 0,
  "latency_ms_b1": 4.729672870016657,
  "throughput_b1": 220.3957312902341,
  "latency_ms_b16": 4.599817829948734,
  "throughput_b16": 3597.39060211967,
  "latency_ms_b64": 6.735636399971554,
  "throughput_b64": 9530.512892284205,
  "latency_ms_b128": 13.415288210017025,
  "throughput_b128": 9553.56270163303,
  "peak_memory_mb": 123.8046875,
  "operator_profile": "results/benchmark_cifar100/mobilenet_v2_cifar100_profile.txt",
  "macs_note": "Backfilled post-hoc with fvcore on CPU (Kaggle env lacked fvcore at benchmark time); architecture-derived, independent of trained weights."
}