{
  "model_name": "resnet18_cifar",
  "config_id": "resnet18_cifar100",
  "device": "cuda",
  "device_name": "Tesla T4",
  "torch_version": "2.10.0+cu128",
  "cuda_version": "12.8",
  "image_size": 32,
  "params_total": 11220132,
  "params_trainable": 11220132,
  "model_size_mb": 42.83818054199219,
  "macs": 556705792,
  "flops": 556705792,
  "unsupported_ops": null,
  "flop_error": null,
  "bops": 0,
  "latency_ms_b1": 3.1711267300124746,
  "throughput_b1": 533.2192443205636,
  "latency_ms_b16": 5.559594859951176,
  "throughput_b16": 2922.317952445833,
  "latency_ms_b64": 15.193510809986037,
  "throughput_b64": 4194.094268327932,
  "latency_ms_b128": 29.412990029959474,
  "throughput_b128": 4296.383381403141,
  "peak_memory_mb": 326.54052734375,
  "operator_profile": "results/benchmark_cifar100/resnet18_cifar100_profile.txt",
  "macs_note": "Backfilled post-hoc with fvcore on CPU (Kaggle env lacked fvcore at benchmark time); architecture-derived, independent of trained weights."
}