{
  "model_name": "shufflenet_v2_x1_0_cifar",
  "config_id": "shufflenet_v2_x1_0_cifar100",
  "device": "cuda",
  "device_name": "Tesla T4",
  "torch_version": "2.10.0+cu128",
  "cuda_version": "12.8",
  "image_size": 32,
  "params_total": 1356104,
  "params_trainable": 1356104,
  "model_size_mb": 5.2352752685546875,
  "macs": 46220416,
  "flops": 46220416,
  "unsupported_ops": null,
  "flop_error": null,
  "bops": 0,
  "latency_ms_b1": 6.075276090050465,
  "throughput_b1": 170.21914475649993,
  "latency_ms_b16": 6.560572140006116,
  "throughput_b16": 2468.7453787792497,
  "latency_ms_b64": 6.8159327899775235,
  "throughput_b64": 9464.174198934377,
  "latency_ms_b128": 13.924300339931506,
  "throughput_b128": 9192.710089567094,
  "peak_memory_mb": 95.18408203125,
  "operator_profile": "results/benchmark_cifar100/shufflenet_v2_x1_0_cifar100_profile.txt",
  "macs_note": "Backfilled post-hoc with fvcore on CPU (Kaggle env lacked fvcore at benchmark time); architecture-derived, independent of trained weights."
}